INSERT INTO `Stadiums` (`stadiumID`, `name`, `location`) VALUES
(1, 'Wembley Stadium', 'London, England'),
(2, 'Germany National Stadium', 'Berlin'),
(3, 'Stade de France', 'ZAC du Cornillon Nord, Saint Denis, France');


INSERT INTO `Teams` (`teamID`, `name`, `stadiumID`) VALUES
(1, 'England national football team', 1),
(2, 'Germany national football team', 2),
(3, 'France national football team', 3);


INSERT INTO `Players` (`playerID`, `teamID`, `name`) VALUES
(1, 1, 'Joe Hart'),
(1, 2, 'Manuel Neuer'),
(1, 3, 'Hugo Lloris'),
(2, 1, 'Calum Chambers'),
(2, 2, 'Shkodran Mustafi'),
(2, 3, 'Christophe Jallet'),
(3, 1, 'Kieran Gibbs'),
(3, 2, 'Matthias Ginter'),
(3, 3, 'Patrice Evra'),
(4, 1, 'Jordan Henderson'),
(4, 3, 'Raphael Varane'),
(5, 1, 'Gary Cahill'),
(5, 2, 'Mats Hummels'),
(5, 3, 'Jeremy Mathieu'),
(6, 1, 'Phil Jagielka'),
(6, 3, 'Yohan Cabaye'),
(7, 1, 'James Milner'),
(7, 2, 'Sebastian Rudy'),
(7, 3, 'Remy Cabella'),
(8, 1, 'Jack Wilshere'),
(8, 3, 'Mathieu Valbuena'),
(9, 1, 'Danny Welbeck'),
(9, 2, 'Andre Schirrle'),
(9, 3, 'Andre-Pierre Gignac'),
(10, 1, 'Wayne Rooney'),
(10, 2, 'Lukas Podolski'),
(10, 3, 'Karim Benzema'),
(11, 1, 'Raheem Sterling'),
(11, 2, 'Karim Bellarabi'),
(11, 3, 'Antoine Griezmann'),
(12, 1, 'Nathaniel Clyne'),
(12, 2, 'Ron-Robert Zieler'),
(12, 3, 'Dimitri Payet'),
(13, 1, 'Ben Foster'),
(13, 2, 'Thomas Miller'),
(13, 3, 'Eliaquim Mangala'),
(14, 1, 'Leighton Baines'),
(14, 2, 'Julian Draxler'),
(14, 3, 'Blaise Matuidi'),
(15, 1, 'Fabian Delph'),
(15, 2, 'Erik Durm'),
(15, 3, 'Bacary Sagna'),
(16, 1, 'Jonjo Shelvey'),
(16, 2, 'Antonio Ridiger'),
(16, 3, 'Steve Mandanda'),
(17, 1, 'Adam Lallana'),
(17, 2, 'Jereme Boateng'),
(17, 3, 'Lucas Digne'),
(18, 1, 'Alex Oxlade-Chamberlain'),
(18, 2, 'Toni Kroos'),
(18, 3, 'Moussa Sissoko'),
(19, 1, 'Andros Townsend'),
(19, 2, 'Mario Gatze'),
(19, 3, 'Paul Pogba'),
(20, 1, 'Rickie Lambert'),
(20, 2, 'Christoph Kramer'),
(20, 3, 'Loc Remy'),
(21, 1, 'Fraser Forster'),
(21, 3, 'Mapou Yanga-Mbiwa'),
(22, 2, 'Roman Weidenfeller'),
(22, 3, 'Morgan Schneiderlin'),
(23, 2, 'Max Kruse'),
(23, 3, 'Benot Costil');


INSERT INTO `Matches` (`matchID`, `date`, `stadiumID`, `parentMatch`) VALUES
(1, '2017-10-01', 2, NULL),
(2, '2017-10-02', 1, 1),
(3, '2017-10-05', 3, 2);


INSERT INTO `Participate` (`teamID`, `matchID`, `role`) VALUES
(1, 1, 'guest'),
(1, 2, 'host'),
(1, 3, 'guest'),
(2, 1, 'host'),
(3, 2, 'guest'),
(3, 3, 'host');

INSERT INTO `Play` (`playerID`, `teamID`, `matchID`, `numberOfGoals`) VALUES
(1, 1, 1, 1),
(1, 1, 2, 0),
(1, 1, 3, 0),
(1, 2, 1, 0),
(1, 3, 2, 1),
(1, 3, 3, 0),
(2, 1, 2, 0),
(2, 1, 3, 1),
(2, 2, 1, 1),
(2, 3, 3, 0),
(3, 1, 1, 0),
(3, 1, 3, 0),
(3, 2, 1, 1),
(3, 3, 2, 0),
(4, 1, 2, 0),
(4, 1, 3, 1),
(4, 3, 2, 0),
(4, 3, 3, 0),
(5, 1, 1, 1),
(5, 1, 2, 1),
(5, 2, 1, 0),
(5, 3, 3, 1),
(6, 3, 2, 0),
(7, 1, 1, 0),
(7, 1, 3, 0),
(7, 2, 1, 0),
(8, 1, 2, 1),
(8, 3, 3, 0),
(9, 1, 1, 1),
(9, 2, 1, 0),
(9, 3, 2, 0),
(10, 1, 2, 0),
(10, 1, 3, 0),
(10, 3, 2, 1),
(10, 3, 3, 1),
(11, 1, 1, 0),
(11, 1, 2, 1),
(12, 1, 1, 0),
(12, 1, 3, 1),
(13, 1, 2, 0),
(14, 1, 2, 0),
(14, 1, 3, 1),
(14, 3, 2, 1),
(14, 3, 3, 0),
(15, 1, 1, 1),
(15, 1, 3, 0),
(15, 3, 3, 0),
(17, 1, 1, 1),
(17, 1, 2, 0),
(17, 1, 3, 1),
(17, 2, 1, 1),
(18, 1, 2, 1),
(18, 1, 3, 1),
(18, 2, 1, 0),
(18, 3, 2, 1),
(19, 1, 1, 1),
(19, 1, 3, 1),
(19, 2, 1, 1),
(19, 3, 3, 1),
(20, 1, 2, 1),
(20, 2, 1, 0),
(20, 3, 2, 0),
(20, 3, 3, 1),
(21, 1, 1, 0),
(21, 3, 3, 0),
(22, 2, 1, 0),
(22, 3, 2, 0),
(23, 3, 2, 1);







